[{"metrics": {"ISR": 1.0, "CSR": 1.0, "ep_length": 26, "SoC": 351, "makespan": 27, "avg_agents_density": 0.0670874029744848, "runtime": 1.0188131100294413}, "env_grid_search": {"num_agents": 24, "map_name": "validation-random-seed-000"}, "algorithm": "LaCAM"}, {"metrics": {"ISR": 1.0, "CSR": 1.0, "ep_length": 30, "SoC": 388, "makespan": 31, "avg_agents_density": 0.08812096414785581, "runtime": 1.0171342310350155}, "env_grid_search": {"num_agents": 24, "map_name": "validation-random-seed-001"}, "algorithm": "LaCAM"}, {"metrics": {"ISR": 1.0, "CSR": 1.0, "ep_length": 32, "SoC": 290, "makespan": 33, "avg_agents_density": 0.07650877490352548, "runtime": 1.0217963380127912}, "env_grid_search": {"num_agents": 24, "map_name": "validation-random-seed-002"}, "algorithm": "LaCAM"}, {"metrics": {"ISR": 1.0, "CSR": 1.0, "ep_length": 25, "SoC": 326, "makespan": 26, "avg_agents_density": 0.0719774342987717, "runtime": 1.0396218999812845}, "env_grid_search": {"num_agents": 24, "map_name": "validation-random-seed-003"}, "algorithm": "LaCAM"}, {"metrics": {"ISR": 1.0, "CSR": 1.0, "ep_length": 31, "SoC": 323, "makespan": 32, "avg_agents_density": 0.059404258161235624, "runtime": 1.0270704459835542}, "env_grid_search": {"num_agents": 24, "map_name": "validation-random-seed-004"}, "algorithm": "LaCAM"}, {"metrics": {"ISR": 1.0, "CSR": 1.0, "ep_length": 26, "SoC": 384, "makespan": 27, "avg_agents_density": 0.0812616837204749, "runtime": 1.0211849799961783}, "env_grid_search": {"num_agents": 24, "map_name": "validation-random-seed-005"}, "algorithm": "LaCAM"}, {"metrics": {"ISR": 1.0, "CSR": 1.0, "ep_length": 21, "SoC": 290, "makespan": 22, "avg_agents_density": 0.07751138823121079, "runtime": 1.0224654500343604}, "env_grid_search": {"num_agents": 24, "map_name": "validation-random-seed-006"}, "algorithm": "LaCAM"}, {"metrics": {"ISR": 1.0, "CSR": 1.0, "ep_length": 40, "SoC": 380, "makespan": 41, "avg_agents_density": 0.08059324855910771, "runtime": 1.0256993509683525}, "env_grid_search": {"num_agents": 24, "map_name": "validation-random-seed-007"}, "algorithm": "LaCAM"}, {"metrics": {"ISR": 1.0, "CSR": 1.0, "ep_length": 36, "SoC": 508, "makespan": 37, "avg_agents_density": 0.09271793577057634, "runtime": 1.0240293530368945}, "env_grid_search": {"num_agents": 24, "map_name": "validation-random-seed-008"}, "algorithm": "LaCAM"}, {"metrics": {"ISR": 1.0, "CSR": 1.0, "ep_length": 27, "SoC": 306, "makespan": 28, "avg_agents_density": 0.07650453228907761, "runtime": 1.0403900239471113}, "env_grid_search": {"num_agents": 24, "map_name": "validation-random-seed-009"}, "algorithm": "LaCAM"}, {"metrics": {"ISR": 1.0, "CSR": 1.0, "ep_length": 35, "SoC": 366, "makespan": 36, "avg_agents_density": 0.06936044015329812, "runtime": 1.0227135339664528}, "env_grid_search": {"num_agents": 24, "map_name": "validation-random-seed-010"}, "algorithm": "LaCAM"}, {"metrics": {"ISR": 1.0, "CSR": 1.0, "ep_length": 26, "SoC": 450, "makespan": 27, "avg_agents_density": 0.09191500768099528, "runtime": 1.0199261200177716}, "env_grid_search": {"num_agents": 32, "map_name": "validation-random-seed-000"}, "algorithm": "LaCAM"}, {"metrics": {"ISR": 1.0, "CSR": 1.0, "ep_length": 34, "SoC": 583, "makespan": 35, "avg_agents_density": 0.12429954399584527, "runtime": 1.0225945640268037}, "env_grid_search": {"num_agents": 32, "map_name": "validation-random-seed-001"}, "algorithm": "LaCAM"}, {"metrics": {"ISR": 1.0, "CSR": 1.0, "ep_length": 32, "SoC": 395, "makespan": 33, "avg_agents_density": 0.08913952964327061, "runtime": 1.0274208069895394}, "env_grid_search": {"num_agents": 32, "map_name": "validation-random-seed-002"}, "algorithm": "LaCAM"}, {"metrics": {"ISR": 1.0, "CSR": 1.0, "ep_length": 25, "SoC": 441, "makespan": 26, "avg_agents_density": 0.09569013428307989, "runtime": 1.0269535520492354}, "env_grid_search": {"num_agents": 32, "map_name": "validation-random-seed-003"}, "algorithm": "LaCAM"}, {"metrics": {"ISR": 1.0, "CSR": 1.0, "ep_length": 31, "SoC": 421, "makespan": 32, "avg_agents_density": 0.08298259614645512, "runtime": 1.0280632830254035}, "env_grid_search": {"num_agents": 32, "map_name": "validation-random-seed-004"}, "algorithm": "LaCAM"}, {"metrics": {"ISR": 1.0, "CSR": 1.0, "ep_length": 31, "SoC": 516, "makespan": 32, "avg_agents_density": 0.09984212996353442, "runtime": 1.023243290008395}, "env_grid_search": {"num_agents": 32, "map_name": "validation-random-seed-005"}, "algorithm": "LaCAM"}, {"metrics": {"ISR": 1.0, "CSR": 1.0, "ep_length": 24, "SoC": 438, "makespan": 25, "avg_agents_density": 0.09699489287224138, "runtime": 1.018602057985845}, "env_grid_search": {"num_agents": 32, "map_name": "validation-random-seed-006"}, "algorithm": "LaCAM"}, {"metrics": {"ISR": 0.0, "CSR": 0.0, "ep_length": 127, "SoC": 4096, "makespan": 128, "avg_agents_density": 0.09928106620713972, "runtime": 76.19334516799427}, "env_grid_search": {"num_agents": 32, "map_name": "validation-random-seed-007"}, "algorithm": "LaCAM"}, {"metrics": {"ISR": 1.0, "CSR": 1.0, "ep_length": 46, "SoC": 695, "makespan": 47, "avg_agents_density": 0.11711609530832394, "runtime": 1.0321166249777889}, "env_grid_search": {"num_agents": 32, "map_name": "validation-random-seed-008"}, "algorithm": "LaCAM"}, {"metrics": {"ISR": 1.0, "CSR": 1.0, "ep_length": 27, "SoC": 403, "makespan": 28, "avg_agents_density": 0.09378109642106364, "runtime": 1.0248972029949073}, "env_grid_search": {"num_agents": 32, "map_name": "validation-random-seed-009"}, "algorithm": "LaCAM"}, {"metrics": {"ISR": 1.0, "CSR": 1.0, "ep_length": 35, "SoC": 472, "makespan": 36, "avg_agents_density": 0.0977941766816525, "runtime": 1.0411046049703145}, "env_grid_search": {"num_agents": 32, "map_name": "validation-random-seed-010"}, "algorithm": "LaCAM"}, {"metrics": {"ISR": 1.0, "CSR": 1.0, "ep_length": 25, "SoC": 557, "makespan": 26, "avg_agents_density": 0.11502096994544946, "runtime": 1.0247721199993975}, "env_grid_search": {"num_agents": 40, "map_name": "validation-random-seed-000"}, "algorithm": "LaCAM"}, {"metrics": {"ISR": 1.0, "CSR": 1.0, "ep_length": 36, "SoC": 739, "makespan": 37, "avg_agents_density": 0.15544028937107376, "runtime": 1.0271497210196685}, "env_grid_search": {"num_agents": 40, "map_name": "validation-random-seed-001"}, "algorithm": "LaCAM"}, {"metrics": {"ISR": 1.0, "CSR": 1.0, "ep_length": 32, "SoC": 501, "makespan": 33, "avg_agents_density": 0.11081371312687816, "runtime": 1.0240642619755818}, "env_grid_search": {"num_agents": 40, "map_name": "validation-random-seed-002"}, "algorithm": "LaCAM"}, {"metrics": {"ISR": 1.0, "CSR": 1.0, "ep_length": 25, "SoC": 564, "makespan": 26, "avg_agents_density": 0.11637434154762089, "runtime": 1.0229421720141545}, "env_grid_search": {"num_agents": 40, "map_name": "validation-random-seed-003"}, "algorithm": "LaCAM"}, {"metrics": {"ISR": 1.0, "CSR": 1.0, "ep_length": 31, "SoC": 559, "makespan": 32, "avg_agents_density": 0.10069390451784924, "runtime": 1.0261754299572203}, "env_grid_search": {"num_agents": 40, "map_name": "validation-random-seed-004"}, "algorithm": "LaCAM"}, {"metrics": {"ISR": 1.0, "CSR": 1.0, "ep_length": 28, "SoC": 654, "makespan": 29, "avg_agents_density": 0.11632188953128877, "runtime": 1.0235208249214338}, "env_grid_search": {"num_agents": 40, "map_name": "validation-random-seed-005"}, "algorithm": "LaCAM"}, {"metrics": {"ISR": 0.0, "CSR": 0.0, "ep_length": 127, "SoC": 5120, "makespan": 128, "avg_agents_density": 0.13163592140684138, "runtime": 76.20272806292633}, "env_grid_search": {"num_agents": 40, "map_name": "validation-random-seed-006"}, "algorithm": "LaCAM"}, {"metrics": {"ISR": 1.0, "CSR": 1.0, "ep_length": 36, "SoC": 656, "makespan": 37, "avg_agents_density": 0.12340303635840817, "runtime": 76.12200444405607}, "env_grid_search": {"num_agents": 40, "map_name": "validation-random-seed-007"}, "algorithm": "LaCAM"}, {"metrics": {"ISR": 1.0, "CSR": 1.0, "ep_length": 45, "SoC": 895, "makespan": 46, "avg_agents_density": 0.14526656272177998, "runtime": 1.0262672429525992}, "env_grid_search": {"num_agents": 40, "map_name": "validation-random-seed-008"}, "algorithm": "LaCAM"}, {"metrics": {"ISR": 1.0, "CSR": 1.0, "ep_length": 29, "SoC": 533, "makespan": 30, "avg_agents_density": 0.11061071125264402, "runtime": 1.022108672055765}, "env_grid_search": {"num_agents": 40, "map_name": "validation-random-seed-009"}, "algorithm": "LaCAM"}, {"metrics": {"ISR": 1.0, "CSR": 1.0, "ep_length": 35, "SoC": 591, "makespan": 36, "avg_agents_density": 0.11546888415033188, "runtime": 1.022635534958681}, "env_grid_search": {"num_agents": 40, "map_name": "validation-random-seed-010"}, "algorithm": "LaCAM"}]